
insert into `skill`(`id`,`name`) values (18,'Java Programming');
insert into `skill`(`id`,`name`) values (19,'Business Analysis');
insert into `skill`(`id`,`name`) values (20,'Project Management');
insert into `skill`(`id`,`name`) values (21,'Spring MVC');
insert into `skill`(`id`,`name`) values (22,'Hibernate');
insert into `skill`(`id`,`name`) values (25,'JUnit');
insert into `skill`(`id`,`name`) values (27,'Groovy');
insert into `skill`(`id`,`name`) values (28,'Grails');
insert into `skill`(`id`,`name`) values (29,'MongoDB');
insert into `skill`(`id`,`name`) values (31,'Oracle');
insert into `skill`(`id`,`name`) values (32,'SAP');
insert into `skill`(`id`,`name`) values (33,'JQuery');
insert into `skill`(`id`,`name`) values (34,'Comptel InstantLink');


insert into `employee`(`id`,`first_name`,`last_name`) values (19,'John','Fowler');
insert into `employee`(`id`,`first_name`,`last_name`) values (20,'Robert','Martin');
insert into `employee`(`id`,`first_name`,`last_name`) values (23,'Yogesh','Naik');
insert into `employee`(`id`,`first_name`,`last_name`) values (24,'Shailesh','Agaja');
insert into `employee`(`id`,`first_name`,`last_name`) values (25,'Tom','Dough');
insert into `employee`(`id`,`first_name`,`last_name`) values (27,'Ate','Vrieling');
insert into `employee`(`id`,`first_name`,`last_name`) values (28,'Dilip','Kumar');
insert into `employee`(`id`,`first_name`,`last_name`) values (29,'Viral','Patel');
insert into `employee`(`id`,`first_name`,`last_name`) values (30,'Hans','van der Molan');
insert into `employee`(`id`,`first_name`,`last_name`) values (34,'Tipu','Gada');



insert into `employee_skills`(`employee_id`,`employee_skill_id`) values (23,18);
insert into `employee_skills`(`employee_id`,`employee_skill_id`) values (28,18);
insert into `employee_skills`(`employee_id`,`employee_skill_id`) values (29,18);
insert into `employee_skills`(`employee_id`,`employee_skill_id`) values (23,19);
insert into `employee_skills`(`employee_id`,`employee_skill_id`) values (27,19);
insert into `employee_skills`(`employee_id`,`employee_skill_id`) values (30,19);
insert into `employee_skills`(`employee_id`,`employee_skill_id`) values (34,19);
insert into `employee_skills`(`employee_id`,`employee_skill_id`) values (23,20);
insert into `employee_skills`(`employee_id`,`employee_skill_id`) values (27,20);
insert into `employee_skills`(`employee_id`,`employee_skill_id`) values (30,20);
insert into `employee_skills`(`employee_id`,`employee_skill_id`) values (19,21);
insert into `employee_skills`(`employee_id`,`employee_skill_id`) values (23,21);
insert into `employee_skills`(`employee_id`,`employee_skill_id`) values (29,21);
insert into `employee_skills`(`employee_id`,`employee_skill_id`) values (19,22);
insert into `employee_skills`(`employee_id`,`employee_skill_id`) values (20,22);
insert into `employee_skills`(`employee_id`,`employee_skill_id`) values (23,22);
insert into `employee_skills`(`employee_id`,`employee_skill_id`) values (29,22);
insert into `employee_skills`(`employee_id`,`employee_skill_id`) values (23,25);
insert into `employee_skills`(`employee_id`,`employee_skill_id`) values (28,25);
insert into `employee_skills`(`employee_id`,`employee_skill_id`) values (23,27);
insert into `employee_skills`(`employee_id`,`employee_skill_id`) values (24,27);
insert into `employee_skills`(`employee_id`,`employee_skill_id`) values (28,27);
insert into `employee_skills`(`employee_id`,`employee_skill_id`) values (23,28);
insert into `employee_skills`(`employee_id`,`employee_skill_id`) values (24,28);
insert into `employee_skills`(`employee_id`,`employee_skill_id`) values (28,28);
insert into `employee_skills`(`employee_id`,`employee_skill_id`) values (23,29);
insert into `employee_skills`(`employee_id`,`employee_skill_id`) values (25,29);
insert into `employee_skills`(`employee_id`,`employee_skill_id`) values (23,31);
insert into `employee_skills`(`employee_id`,`employee_skill_id`) values (25,31);
insert into `employee_skills`(`employee_id`,`employee_skill_id`) values (23,32);
insert into `employee_skills`(`employee_id`,`employee_skill_id`) values (23,33);
insert into `employee_skills`(`employee_id`,`employee_skill_id`) values (23,34);
